Subject,Electrode,Coord_x,Coord_y,Coord_z,Label,T1_x,T1_y,T1_z,MNI305_x,MNI305_y,MNI305_z,SurfaceElectrode,SurfaceType,Radius,VertexNumber,Hemisphere,Notes
N27,1,-11.73831281,-91.2891017,-14.88937977,G1,-11.23831281,-108.7891017,3.610620227,-10.7888667,-107.32598,0.415458016,FALSE,pial,1.5,-1,left,
N27,2,-21.83748991,-89.33792971,-16.84591862,G2,-21.33748991,-106.8379297,1.654081379,-20.55642992,-105.5951466,-1.54386142,FALSE,pial,1.5,-1,left,
N27,3,-30.00601963,-85.4460458,-18.74882443,G3,-29.50601963,-102.9460458,-0.248824427,-28.45915644,-101.9701248,-3.370451535,FALSE,pial,1.5,-1,left,
N27,4,-37.70999488,-79.09689788,-20.82631655,G4,-37.20999488,-96.59689788,-2.326316554,-35.9164234,-95.97095234,-5.289057932,FALSE,pial,1.5,-1,left,
N27,5,-44.98561287,-72.00406607,-22.36427054,G5,-44.48561287,-89.50406607,-3.864270543,-42.96791297,-89.2223209,-6.666154135,FALSE,pial,1.5,-1,left,
N27,6,-51,-64.4941651,-23.5058349,G6,-50.5,-81.9941651,-5.005834899,-48.80353873,-82.04243598,-7.635256034,FALSE,pial,1.5,-1,left,
N27,7,-55.32837341,-55.49996529,-24.65740634,G7,-54.82837341,-72.99996529,-6.157406336,-53.00925036,-73.41504669,-8.548491842,FALSE,pial,1.5,-1,left,